x,y,z,protein_coulomb,protein_lennard_jones,ligand_coulomb,ligand_lennard_jones
35.55999946594238,-19.667999267578125,-32.314998626708984,-0.5751697532852916,-0.575603007461365,-0.00036268868803627293,-0.0002876412694788147
35.55999946594238,-18.667999267578125,-33.314998626708984,-0.5468368114715159,-0.45959922370478895,-0.0012334933045885545,-0.0003456021963854919
36.55999946594238,-19.667999267578125,-32.314998626708984,-0.6078010104051502,-0.6793402041728068,-8.475183878153467e-05,-0.0037269839229745506
36.55999946594238,-17.667999267578125,-38.314998626708984,-0.46327186362255507,-1.031810764812362,-0.005047912282310293,-0.005261484457371257
36.55999946594238,-17.667999267578125,-33.314998626708984,-0.5834078829168153,-0.44746366638368534,-0.001543329854777334,-0.00312183992445279
36.55999946594238,-16.667999267578125,-35.314998626708984,-0.46211567593619446,-0.601999944120567,-0.0036399794001857485,-0.0061982092182604155
36.55999946594238,-16.667999267578125,-34.314998626708984,-0.5034013451919842,-0.38774105968999667,-0.0024271734223324333,-0.0003996729770699179
36.55999946594238,-16.667999267578125,-33.314998626708984,-0.5468552180082015,-0.325016628994163,-0.001282245605464117,-0.00042133985463938776
37.55999946594238,-20.667999267578125,-37.314998626708984,-0.6218907001824846,0.5035540475755753,-0.008026506610862152,-0.058420855334705694
37.55999946594238,-20.667999267578125,-32.314998626708984,-0.6220166486730724,-0.49816632617779116,0.0011850549351087587,-0.019927120635907725
37.55999946594238,-19.667999267578125,-32.314998626708984,-0.6407244074828148,-0.68643181883271,0.000982552499050247,-0.026537221664072554
37.55999946594238,-19.667999267578125,-31.314998626708984,-0.6833414092982796,-0.4252371636507551,0.0012731921050419313,-0.009664329075132106
37.55999946594238,-18.667999267578125,-38.314998626708984,-0.5634676242958795,0.08174563465011601,-0.010481723212812856,-0.02927188731091955
37.55999946594238,-18.667999267578125,-33.314998626708984,-0.6274041767183746,-0.03832145937575547,-0.0013582093851874746,-0.04346056620560337
37.55999946594238,-17.667999267578125,-38.314998626708984,-0.5187051757895184,-0.8382393675526245,-0.008422835697887097,-0.017073759605320055
37.55999946594238,-17.667999267578125,-34.314998626708984,-0.6056149985647838,0.11207710286952965,-0.004934582217258357,-0.03874913836543013
37.55999946594238,-17.667999267578125,-33.314998626708984,-0.6405826319592031,-0.42930941374575254,-0.0014986311948710653,-0.027169019082345102
37.55999946594238,-16.667999267578125,-38.314998626708984,-0.44187854799867127,-0.6691215139011006,-0.005717382591870824,-0.00672266092052988
37.55999946594238,-16.667999267578125,-37.314998626708984,-0.4423260385736583,-0.548272198320687,-0.007024858191820161,-0.014066834198536786
37.55999946594238,-16.667999267578125,-36.314998626708984,-0.49663346684491255,-0.3329013804612416,-0.007093905126186654,-0.020292201238776807
37.55999946594238,-16.667999267578125,-35.314998626708984,-0.5289053795572033,-0.4583401961190923,-0.005506741833361877,-0.02041157309086488
37.55999946594238,-16.667999267578125,-34.314998626708984,-0.5446768619817036,-0.3410406386471644,-0.003156830334261663,-0.018377941070915327
37.55999946594238,-16.667999267578125,-33.314998626708984,-0.6001696778592915,-0.4016466648334597,-0.0012136801096042172,-0.013711340979179204
37.55999946594238,-15.667999267578125,-36.314998626708984,-0.40306538586373575,-0.329547327276741,-0.003941370483383137,-0.006921663139709824
37.55999946594238,-15.667999267578125,-35.314998626708984,-0.4622173136571877,-0.39406918093301035,-0.003092550763049146,-0.00696158567649108
37.55999946594238,-15.667999267578125,-34.314998626708984,-0.5114736034447451,-0.33419647280621895,-0.001921308024282023,-0.003999394714500175
37.55999946594238,-15.667999267578125,-33.314998626708984,-0.5630227355618594,0.004775877255315312,-0.0008818351013453846,-0.0018862942886002164
37.55999946594238,-15.667999267578125,-32.314998626708984,-0.6215234795731747,-0.365453753030514,-0.00018754120780305834,-0.0003155564263026209
38.55999946594238,-22.667999267578125,-36.314998626708984,-0.5994561095255095,-0.52962629509369,0.004260097723434433,-0.03428924197387747
38.55999946594238,-22.667999267578125,-35.314998626708984,-0.649405809414809,-0.3786685065203012,0.004269977633533799,-0.03397425841812139
38.55999946594238,-21.667999267578125,-37.314998626708984,-0.5528203217123971,-0.7677160743080124,0.0010349872001918048,-0.08595056673409927
38.55999946594238,-21.667999267578125,-36.314998626708984,-0.5699100541982551,-0.6865304327190305,0.005566212858468753,-0.12958790735458084
38.55999946594238,-20.667999267578125,-37.314998626708984,-0.5772585833068066,-0.683957381125031,-0.012383329739159347,-0.22334992817557198
38.55999946594238,-19.667999267578125,-37.314998626708984,-0.6100625878112941,-0.6250404983122025,-0.03887708778563261,-0.11736456256694512
38.55999946594238,-19.667999267578125,-36.314998626708984,-0.6478475539605749,1.375509335424089,-0.058374528936821525,2.607695001942207
38.55999946594238,-19.667999267578125,-33.314998626708984,-0.6003972192903388,-0.5844943631895457,0.0045014868551846625,0.3249609513859461
38.55999946594238,-19.667999267578125,-32.314998626708984,-0.6448452093542454,-0.5777847677007953,0.004331983783287164,-0.08912054011937155
38.55999946594238,-18.667999267578125,-38.314998626708984,-0.5742604266775057,0.06698093756712602,-0.019403582111542802,-0.10209037431250734
38.55999946594238,-18.667999267578125,-37.314998626708984,-0.6237514425133973,0.5450167655424033,-0.03880934166722148,-0.240283808669307
38.55999946594238,-18.667999267578125,-34.314998626708984,-0.6027558026804894,-0.007223178032661058,-0.009357215184557528,-0.18625577649080605
38.55999946594238,-18.667999267578125,-33.314998626708984,-0.6241399091595664,-0.45680737358892426,0.002615022302103748,0.04414500382249224
38.55999946594238,-17.667999267578125,-38.314998626708984,-0.5452657262136981,-0.5673687523078376,-0.013583755996804087,-0.048189167783870016
38.55999946594238,-17.667999267578125,-37.314998626708984,-0.5680081547197313,-0.33945239581065184,-0.021742660839789162,-0.1254024403741515
38.55999946594238,-17.667999267578125,-36.314998626708984,-0.6274488500118567,3.2835472937252916,-0.02535210043909167,-0.19967482526264005
38.55999946594238,-17.667999267578125,-35.314998626708984,-0.613450252393141,0.3356403646890532,-0.017356316913126967,-0.19236546739401525
38.55999946594238,-17.667999267578125,-34.314998626708984,-0.5897331199652339,-0.3790542520990991,-0.006154470014657578,-0.1388430116061631
38.55999946594238,-17.667999267578125,-33.314998626708984,-0.6395052236880719,-0.40675184372710316,0.00015744588402962515,-0.09177017119048399
38.55999946594238,-16.667999267578125,-37.314998626708984,-0.49931848504647597,-0.3438559794600188,-0.010376086336733183,-0.03894193091310956
38.55999946594238,-16.667999267578125,-36.314998626708984,-0.5222940378143335,-0.3530684190278981,-0.010457880368684443,-0.05858038402110271
38.55999946594238,-16.667999267578125,-35.314998626708984,-0.5394048814937201,-0.30254237593001887,-0.007190146868604758,-0.06135390909922267
38.55999946594238,-16.667999267578125,-34.314998626708984,-0.5600588101533475,-0.24144961785063337,-0.003048688090781399,-0.05040307479408908
38.55999946594238,-16.667999267578125,-33.314998626708984,-0.6164495323861231,-0.3831157697107157,-0.0002712950879189184,-0.035499927178888335
38.55999946594238,-16.667999267578125,-32.314998626708984,-0.7547869801504027,4.609560804968379,0.0009350655592156034,-0.019722949809011278
38.55999946594238,-15.667999267578125,-35.314998626708984,-0.507760609718396,-0.25425060111949627,-0.0032838647816004554,-0.019059755170300844
38.55999946594238,-15.667999267578125,-32.314998626708984,-0.6599959298891148,-0.8061288499262695,0.00041813095205629,-0.008030438222678586
39.55999946594238,-21.667999267578125,-40.314998626708984,-0.552032594011957,-0.6167518232142528,-0.001773791876629246,-0.005284612863061905
39.55999946594238,-21.667999267578125,-36.314998626708984,-0.5554022159101103,-0.4749252857444918,0.045957024725805706,-0.26922912485315187
39.55999946594238,-21.667999267578125,-35.314998626708984,-0.5777519160708586,-0.7136078479161767,0.026552759881150984,-0.29314438995986053
39.55999946594238,-21.667999267578125,-34.314998626708984,-0.640161912091337,1.3354571690813286,0.011209617634898325,-0.21472175748636343
39.55999946594238,-20.667999267578125,-37.314998626708984,-0.5478732572062324,-0.4054790933288335,0.00196278462000725,2.9264233353169105
39.55999946594238,-20.667999267578125,-35.314998626708984,-0.5593255564597598,-0.4529634804620957,0.02225912519946642,7.1455846522159545
39.55999946594238,-20.667999267578125,-34.314998626708984,-0.583546943661068,-0.5273059471307477,0.007389002233311796,0.868722411965709
39.55999946594238,-19.667999267578125,-32.314998626708984,-0.6192135596888694,-0.283182524691935,0.011802868338412256,1.1861586697788018
39.55999946594238,-19.667999267578125,-29.314998626708984,-0.6705055988191962,-0.28581089687741057,0.002528852911433046,-0.010920017247323825
39.55999946594238,-19.667999267578125,-28.314998626708984,-0.6581902243403872,-0.5664584986454865,0.0017987189488465798,-0.002146480630627056
39.55999946594238,-18.667999267578125,-39.314998626708984,-0.597701847241221,1.1804723198776457,-0.011975339122880707,-0.04918669263902967
39.55999946594238,-18.667999267578125,-38.314998626708984,-0.5524547956439617,-0.40852828033272187,-0.031196033551510634,-0.22427022567141203
39.55999946594238,-18.667999267578125,-32.314998626708984,-0.6507269441577872,-0.43846955936901777,0.009652625515018037,0.2662452547657016
39.55999946594238,-18.667999267578125,-31.314998626708984,-0.7083540697635707,-0.2953612005623457,0.005382340441400145,-0.1143801889572114
39.55999946594238,-17.667999267578125,-39.314998626708984,-0.5971983490612287,3.0970751670435885,-0.009178466312180108,-0.027664935209513488
39.55999946594238,-17.667999267578125,-38.314998626708984,-0.535717148891846,-0.32888255048447396,-0.01854064123558724,-0.10320974759836658
39.55999946594238,-17.667999267578125,-37.314998626708984,-0.5324914243016966,-0.2080289184554004,-0.035042575086796514,-0.2781940960996576
39.55999946594238,-17.667999267578125,-36.314998626708984,-0.545445768408343,-0.2287870356329441,-0.042971768145622743,-0.1590342414557467
39.55999946594238,-17.667999267578125,-35.314998626708984,-0.5535049087430588,-0.20626754316953944,-0.020434249706619025,-0.26344976401849185
39.55999946594238,-17.667999267578125,-34.314998626708984,-0.5667907853448779,-0.18188330786873,-0.0012698313386473922,-0.33983432836134
39.55999946594238,-17.667999267578125,-33.314998626708984,-0.6073629522101204,-0.2629628358137166,0.005421964189447428,-0.18511558832860028
39.55999946594238,-17.667999267578125,-32.314998626708984,-0.6903051619543856,-0.39697508340804394,0.005265868722986516,-0.16735713759524873
39.55999946594238,-16.667999267578125,-36.314998626708984,-0.5224206091360412,-0.18613644142206393,-0.011006904052642388,-0.13848170720112565
39.55999946594238,-16.667999267578125,-35.314998626708984,-0.5369515979817857,-0.19614561213122803,-0.004446095394053343,-0.15387795836150234
39.55999946594238,-16.667999267578125,-34.314998626708984,-0.5633726281695182,-0.23056018716904486,0.0003720403767173754,-0.13303101714433713
39.55999946594238,-16.667999267578125,-33.314998626708984,-0.6136069040050045,-0.35370030387303986,0.002486186376355664,-0.10063358309689044
39.55999946594238,-16.667999267578125,-32.314998626708984,-0.6921953182441491,-0.6697490733730861,0.0029740748285453818,-0.06652326533333201
40.55999946594238,-21.667999267578125,-40.314998626708984,-0.5472134151861623,-0.4818050611147191,-0.0013097028090394923,-0.005635502022401263
40.55999946594238,-21.667999267578125,-39.314998626708984,-0.537691795634566,-0.13638781413820375,-0.0010340905051102562,-0.025286116159239178
40.55999946594238,-21.667999267578125,-36.314998626708984,-0.5445164681731002,-0.07768338585400741,0.0837940469523334,-0.32076646919492857
40.55999946594238,-21.667999267578125,-35.314998626708984,-0.5525767262329371,-0.32084236042428593,0.04559193963741183,-0.39814840706025095
40.55999946594238,-21.667999267578125,-33.314998626708984,-0.5971044361542956,-0.5966900041607962,0.016870841732565034,2.4604826193902194
40.55999946594238,-20.667999267578125,-40.314998626708984,-0.5813294999441831,0.22581852256956159,-0.0029255092414637663,-0.012656803658979306
40.55999946594238,-20.667999267578125,-39.314998626708984,-0.551738939084187,-0.425072089515972,-0.00518971085542258,-0.0513880644021026
40.55999946594238,-20.667999267578125,-38.314998626708984,-0.5370755015135872,-0.29594435847385014,-0.007915915004863067,-0.23512000384120776
40.55999946594238,-19.667999267578125,-39.314998626708984,-0.5585550731790427,-0.4276054660242086,-0.010210715277206843,-0.07235781065904352
40.55999946594238,-19.667999267578125,-38.314998626708984,-0.5362975810638392,-0.2254941379306353,-0.031129055281838593,-0.2255851139561719
40.55999946594238,-19.667999267578125,-29.314998626708984,-0.6378641986022103,-0.4078937759877898,0.003671056046181549,-0.03139673380389889
40.55999946594238,-18.667999267578125,-39.314998626708984,-0.5520241005773122,-0.39475011513125174,-0.011240478972118537,-0.06150721238077301
40.55999946594238,-18.667999267578125,-38.314998626708984,-0.5309484710631209,-0.1773411071604312,-0.031734053262127936,-0.27851457763361886
40.55999946594238,-18.667999267578125,-31.314998626708984,-0.6427833451570972,-0.40753206875985204,0.010658845984035256,0.23973702130415223
40.55999946594238,-17.667999267578125,-40.314998626708984,-0.5505747136391647,-0.4412660643950802,-0.00433158709835319,-0.008486946421856104
40.55999946594238,-17.667999267578125,-39.314998626708984,-0.5362801189747546,-0.29610212023872673,-0.008404676739546894,-0.03431221507525712
40.55999946594238,-17.667999267578125,-38.314998626708984,-0.5230137685877468,-0.1463833503142462,-0.0173915010185934,-0.14075759049717815
40.55999946594238,-17.667999267578125,-37.314998626708984,-0.5212425566167179,-0.10652256396262198,-0.03256174755917325,-0.35423896300080965
40.55999946594238,-17.667999267578125,-32.314998626708984,-0.6312837389656056,-0.342493849270177,0.011553594675207187,1.2313060718442153
40.55999946594238,-16.667999267578125,-40.314998626708984,-0.5074675067362774,-0.260427272793721,-0.0032051789533390196,-0.0034845789869115324
40.55999946594238,-16.667999267578125,-39.314998626708984,-0.5156224303665804,-0.20305854890391212,-0.005205831455295804,-0.015585686807294535
40.55999946594238,-16.667999267578125,-34.314998626708984,-0.5640343982992398,-0.4025534986982579,0.009423627017873458,-0.22052429138614058
40.55999946594238,-16.667999267578125,-33.314998626708984,-0.6210799067222381,-0.44851101702651824,0.00799600201469306,-0.13109967878037534
40.55999946594238,-16.667999267578125,-32.314998626708984,-0.6795708831616408,-0.5769933464585371,0.006762697967549018,-0.12601682803448472
41.55999946594238,-23.667999267578125,-29.314998626708984,-0.5999016331334849,3.9831576289241344,0.0019633697822867657,-0.0003720292449031331
41.55999946594238,-22.667999267578125,-39.314998626708984,-0.5251505884421809,-0.043255510404132023,0.0009947348436508928,-0.00888706439746921
41.55999946594238,-22.667999267578125,-33.314998626708984,-0.5643866371678001,-0.6007236411169297,0.009560887570479683,-0.13258266435537036
41.55999946594238,-22.667999267578125,-32.314998626708984,-0.587755850694202,-0.2014839119004276,0.0065816703949581855,-0.08936648664724497
41.55999946594238,-21.667999267578125,-40.314998626708984,-0.5584250412440939,-0.5680490220014123,-0.0006371181676894061,-0.006494196782394824
41.55999946594238,-21.667999267578125,-39.314998626708984,-0.5399912780165151,-0.34537930103203746,1.8132396361452525e-05,-0.02297890841198812
41.55999946594238,-21.667999267578125,-36.314998626708984,-0.5346477883076762,-0.3212299230152041,0.03397745849803395,-0.31790230876211695
41.55999946594238,-21.667999267578125,-35.314998626708984,-0.5403200348370871,0.24036839771120214,0.030533198926665686,-0.2803463800220792
41.55999946594238,-21.667999267578125,-33.314998626708984,-0.5533405522161863,-0.3254955935432516,0.021370431545492573,8.508846006647593
41.55999946594238,-21.667999267578125,-32.314998626708984,-0.5664102877712551,-0.39866877349197877,0.010356495104555668,-0.27606434946757674
41.55999946594238,-21.667999267578125,-31.314998626708984,-0.5750194829273517,0.16781054753698219,0.006890113871723943,-0.13690319407423363
41.55999946594238,-21.667999267578125,-30.314998626708984,-0.5765988855942668,0.2713622013609602,0.00481076017168172,-0.05138902779148741
41.55999946594238,-20.667999267578125,-39.314998626708984,-0.5585978785257371,-0.34785461316883837,-0.0026510623129459825,-0.044297023043811445
41.55999946594238,-20.667999267578125,-38.314998626708984,-0.5333610288052245,-0.19641083178917904,-0.0027486011435451136,-0.1973826818853796
41.55999946594238,-20.667999267578125,-37.314998626708984,-0.5241987883520642,-0.15224752090225183,0.006939755966861859,-0.2436173435683056
41.55999946594238,-20.667999267578125,-31.314998626708984,-0.5713320030682503,0.40197265199875226,0.011629036255903703,0.3054869447995819
41.55999946594238,-20.667999267578125,-30.314998626708984,-0.5790234830145531,0.4152274619134335,0.0068139321700770115,-0.11418648080159537
41.55999946594238,-20.667999267578125,-29.314998626708984,-0.5809756823076203,-0.35234750771469475,0.004189322544046225,-0.03991211639728039
41.55999946594238,-20.667999267578125,-28.314998626708984,-0.5895986491393559,-0.2501716540547613,0.002845061257243547,-0.012348126522660681
41.55999946594238,-19.667999267578125,-39.314998626708984,-0.5655312048703894,-0.19894684463259665,-0.005825323618241389,-0.06371224828126165
41.55999946594238,-19.667999267578125,-38.314998626708984,-0.5318747379643013,-0.13577187272237556,-0.013841447948492682,-0.30063060166425115
41.55999946594238,-19.667999267578125,-37.314998626708984,-0.5207134648664488,-0.07786985197272048,-0.04058882194964965,5.697347524862885
41.55999946594238,-19.667999267578125,-30.314998626708984,-0.58669812682033,-0.2246547612926258,0.009483447693724872,-0.07179461853601164
41.55999946594238,-19.667999267578125,-29.314998626708984,-0.5945766435473656,-0.2890547995079962,0.004916807264900889,-0.06777020375434961
41.55999946594238,-18.667999267578125,-39.314998626708984,-0.5482406949520875,-0.2575578069224443,-0.006673441391654385,-0.058622459913458214
41.55999946594238,-18.667999267578125,-38.314998626708984,-0.5269322264500217,-0.11318774832098157,-0.014968803932450389,-0.2597400057539245
41.55999946594238,-18.667999267578125,-37.314998626708984,-0.5200246984943038,-0.06190358366553177,-0.03449771102176512,1.4235679448096676
41.55999946594238,-18.667999267578125,-30.314998626708984,-0.6169834352026701,-0.27662965942010026,0.009930010177650887,-0.1684479810136373
41.55999946594238,-18.667999267578125,-29.314998626708984,-0.6280463682832227,-0.33181150402312765,0.005262229785424098,-0.09317583589766011
41.55999946594238,-17.667999267578125,-40.314998626708984,-0.5333810274080036,-0.30394388255987825,-0.0029939605040326845,-0.009557642782864442
41.55999946594238,-17.667999267578125,-39.314998626708984,-0.5270729752064754,-0.17768498419612086,-0.005208979289002081,-0.036353700216719964
41.55999946594238,-17.667999267578125,-38.314998626708984,-0.5244186133122102,-0.11009604872976327,-0.008958392103823402,-0.13268060969516007
41.55999946594238,-17.667999267578125,-37.314998626708984,-0.5247424751938313,-0.10150050521816142,-0.010964499206688478,-0.3933030829332104
41.55999946594238,-17.667999267578125,-31.314998626708984,-0.6324536913257658,-0.19898803092612938,0.01230324666143711,0.04287522438832231
41.55999946594238,-17.667999267578125,-29.314998626708984,-0.6730358763115671,0.4282707235940089,0.0049425914280500855,-0.08971687014610283
41.55999946594238,-16.667999267578125,-40.314998626708984,-0.49940661282805554,-0.17864177377123497,-0.0022757312056536916,-0.000362673094957799
41.55999946594238,-16.667999267578125,-39.314998626708984,-0.5181281534595906,-0.17606317698667087,-0.0033738740091330014,-0.015633310305758128
41.55999946594238,-16.667999267578125,-38.314998626708984,-0.5332197522662382,-0.20267648620453607,-0.004461771277160548,-0.05096949179151641
41.55999946594238,-16.667999267578125,-32.314998626708984,-0.6720900230552205,0.5584431861985225,0.01260113704646314,2.343616526359465
41.55999946594238,-15.667999267578125,-31.314998626708984,-0.7626490071302365,1.417092464430337,0.003736442467422176,-0.07387159952549535
42.55999946594238,-24.667999267578125,-32.314998626708984,-0.6353723088232793,4.024523566836099,0.0027007264529881098,-0.006884781550239764
42.55999946594238,-24.667999267578125,-31.314998626708984,-0.6001048895865979,-0.7854691683951861,0.0023084790462056947,-0.004346602425088759
42.55999946594238,-24.667999267578125,-30.314998626708984,-0.5863683269068729,-0.6638220052750089,0.001944504747867414,-0.002245128371170196
42.55999946594238,-23.667999267578125,-33.314998626708984,-0.5535121864500181,-0.4324707293887725,0.00520900461983616,-0.05006346438052737
42.55999946594238,-23.667999267578125,-32.314998626708984,-0.5616823320397398,-0.6954894458789347,0.004272078982390758,-0.03691621423725483
42.55999946594238,-23.667999267578125,-31.314998626708984,-0.5584458993147334,-0.5758955340335068,0.0034424474513947124,-0.02206693010834446
42.55999946594238,-23.667999267578125,-30.314998626708984,-0.5560400078782258,-0.5617866885897734,0.002749892023337087,-0.007424146171080554
42.55999946594238,-23.667999267578125,-29.314998626708984,-0.5693139642940421,-0.6001309083165632,0.0021850428320858563,-0.0026272824175517773
42.55999946594238,-22.667999267578125,-39.314998626708984,-0.5373211693940929,-0.35945003883505117,0.0012386359158083906,-0.00726355175088598
42.55999946594238,-22.667999267578125,-38.314998626708984,-0.5342183924182332,-0.38550400795364415,0.0030963045255383535,-0.019182351122270434
42.55999946594238,-22.667999267578125,-37.314998626708984,-0.5365818878493925,-0.4072090858372959,0.00631534341213322,-0.0491669674407061
42.55999946594238,-22.667999267578125,-33.314998626708984,-0.5402591396042488,-0.32040659382389636,0.010344857275071633,0.04004357807428968
42.55999946594238,-22.667999267578125,-32.314998626708984,-0.5428775926800832,-0.35060737550745313,0.007188329063530511,-0.1553558839552122
42.55999946594238,-22.667999267578125,-31.314998626708984,-0.5438964757216198,-0.34587442606785423,0.005432924703050952,-0.08391168357680376
42.55999946594238,-22.667999267578125,-30.314998626708984,-0.5448427420794508,-0.37055273908652464,0.004026205797913284,-0.032927711182549196
42.55999946594238,-22.667999267578125,-29.314998626708984,-0.551981084199812,-0.41441696948632617,0.002964943748788117,-0.010566774062594613
42.55999946594238,-22.667999267578125,-28.314998626708984,-0.5604681390343652,-0.4840337141970711,0.0022543551473754517,-0.0008601570279585876
42.55999946594238,-21.667999267578125,-40.314998626708984,-0.5817295352629888,-0.66889473051254,2.328481203708432e-05,-0.002531004887863782
42.55999946594238,-21.667999267578125,-39.314998626708984,-0.5624853486520328,-0.4451278058426296,0.0009244069629877143,-0.01785293998815916
42.55999946594238,-21.667999267578125,-38.314998626708984,-0.543082937946942,-0.2923543026280528,0.003593026880948672,-0.06120677236258719
42.55999946594238,-21.667999267578125,-37.314998626708984,-0.5345949081354877,-0.27887342861164477,0.01030121922840478,-0.1601475430909992
42.55999946594238,-21.667999267578125,-35.314998626708984,-0.5333382330196034,0.09491984771932928,0.02731584113497572,9.204054291774469
42.55999946594238,-21.667999267578125,-32.314998626708984,-0.5347694855877895,-0.1585175470849062,0.011401484442196345,1.8544987454015913
42.55999946594238,-21.667999267578125,-31.314998626708984,-0.538836136397276,-0.1951626067115768,0.009239136649927865,0.05875808732388911
42.55999946594238,-21.667999267578125,-30.314998626708984,-0.5428004646835454,-0.23658657869429758,0.0060130483954391415,-0.09138266516352869
42.55999946594238,-21.667999267578125,-29.314998626708984,-0.549407725689903,-0.2849336511155596,0.003994204313461021,-0.034238268031541
42.55999946594238,-21.667999267578125,-28.314998626708984,-0.5616222350856619,-0.421214940988725,0.002850625631063114,-0.009353146246178529
42.55999946594238,-21.667999267578125,-27.314998626708984,-0.593984970631779,-0.5452998953217066,0.00217435605981245,-0.0018562619596570263
42.55999946594238,-20.667999267578125,-39.314998626708984,-0.5877856001645675,-0.42433792653999436,-1.2666285077542454e-05,-0.036862151812382685
42.55999946594238,-20.667999267578125,-38.314998626708984,-0.5468393947198014,-0.20677120572354493,0.002754176321286874,-0.14216263427073442
42.55999946594238,-20.667999267578125,-37.314998626708984,-0.5294905198992268,-0.1335609562034028,0.013259252639772633,0.4583317603822526
42.55999946594238,-20.667999267578125,-30.314998626708984,-0.5449962494794143,-0.14678106971396543,0.008396778288673353,-0.2022273673958652
42.55999946594238,-20.667999267578125,-29.314998626708984,-0.5529498688117876,-0.2040868886449279,0.005162077407072564,-0.07607688353057733
42.55999946594238,-20.667999267578125,-28.314998626708984,-0.5697419740828854,-0.3986705349088792,0.003469821327559742,-0.02695366048426668
42.55999946594238,-19.667999267578125,-39.314998626708984,-0.5867052994458178,0.032136370666735775,-0.001047633610203384,-0.0520681292972745
42.55999946594238,-19.667999267578125,-38.314998626708984,-0.5422337223559016,-0.14837650624422288,0.002261065507911236,-0.07399778037669862
42.55999946594238,-19.667999267578125,-30.314998626708984,-0.5530015563583474,-0.09540174541423066,0.010480648739155184,-0.2406818428026567
42.55999946594238,-19.667999267578125,-29.314998626708984,-0.5626535394471027,-0.17161413615636814,0.006112458988293726,-0.15821607895180279
42.55999946594238,-19.667999267578125,-28.314998626708984,-0.5822305354588206,-0.2027126415409924,0.003953342796555385,-0.053418185082967626
42.55999946594238,-18.667999267578125,-39.314998626708984,-0.5572951538094313,-0.22541049187422102,-0.0015313663626852132,-0.04991219812618778
42.55999946594238,-18.667999267578125,-38.314998626708984,-0.5346542745590274,-0.11532927897605179,0.0017519711536898225,0.01328315247275825
42.55999946594238,-18.667999267578125,-29.314998626708984,-0.578432606364184,-0.19218689385118487,0.0069168928248401085,-0.16209703510350343
42.55999946594238,-18.667999267578125,-28.314998626708984,-0.5949988223039185,-0.13542340852801024,0.00415948247317396,-0.0844374317083847
42.55999946594238,-17.667999267578125,-40.314998626708984,-0.5348076708231781,-0.2804690089658376,-0.0013769514691262604,-0.00494745516366587
42.55999946594238,-17.667999267578125,-39.314998626708984,-0.5347154179175481,-0.214040499524568,-0.0015100185184238287,-0.033338669983058504
42.55999946594238,-17.667999267578125,-38.314998626708984,-0.5377604715245813,-0.1608395850158068,-0.00019027600355798948,-0.11962865734148251
42.55999946594238,-17.667999267578125,-37.314998626708984,-0.5381451540840482,-0.1447811263775839,0.005316873084912619,0.1577304633093372
42.55999946594238,-16.667999267578125,-40.314998626708984,-0.505477359297363,-0.2929937266126577,-0.0011455825426781954,-0.0007222321512949381
42.55999946594238,-16.667999267578125,-39.314998626708984,-0.540673247050396,-0.3640182210917363,-0.0012245023415313155,-0.01782575495571448
42.55999946594238,-16.667999267578125,-38.314998626708984,-0.5698297286425382,-0.3946274585416917,-0.0006919248886875253,-0.05107404435193497
42.55999946594238,-16.667999267578125,-37.314998626708984,-0.577727406097153,-0.4673322634612524,0.0010055758480885459,-0.14095681798749632
43.55999946594238,-24.667999267578125,-36.314998626708984,-0.5221217793599615,-0.3950213116312204,0.0024159476413593154,-0.0024348956741757984
43.55999946594238,-24.667999267578125,-31.314998626708984,-0.562428651426935,-0.548101504675785,0.00229060052630031,-0.005759834094290617
43.55999946594238,-24.667999267578125,-30.314998626708984,-0.5565415800374558,-0.49008984016195645,0.001984346416098592,-0.0030146748537286357
43.55999946594238,-23.667999267578125,-33.314998626708984,-0.5442501892175787,-0.37755897181812825,0.004618590865207505,-0.0597702677325695
43.55999946594238,-23.667999267578125,-32.314998626708984,-0.5416008571412632,-0.3742002330986899,0.0040357374545697145,-0.0480004177603673
43.55999946594238,-23.667999267578125,-31.314998626708984,-0.5394829154699001,-0.3052967553544999,0.0034549071993711543,-0.026815571883357495
43.55999946594238,-23.667999267578125,-30.314998626708984,-0.5438052297238684,-0.30382462627531776,0.0028536448551232853,-0.00988574259885245
43.55999946594238,-22.667999267578125,-34.314998626708984,-0.535176038838424,-0.0961364586985444,0.009533838374746695,0.09369245725788251
43.55999946594238,-22.667999267578125,-33.314998626708984,-0.5281939271176815,-0.21028073356117566,0.009204687414882874,0.7199378241082194
43.55999946594238,-22.667999267578125,-32.314998626708984,-0.526410440408499,-0.16180628103750186,0.006914698241007169,-0.12944797388383353
43.55999946594238,-22.667999267578125,-31.314998626708984,-0.52751820130337,-0.16818771210775663,0.005942516212435274,-0.10837608748542399
43.55999946594238,-22.667999267578125,-30.314998626708984,-0.5336323014739367,-0.2553918013808771,0.004396527547567625,-0.04599497393487276
43.55999946594238,-21.667999267578125,-30.314998626708984,-0.5279909073689132,-0.1588469846803401,0.007337671760262869,-0.10845393456006981
43.55999946594238,-21.667999267578125,-29.314998626708984,-0.5376008682030107,-0.3128453334661274,0.00456187697071804,-0.0495804704541971
43.55999946594238,-21.667999267578125,-28.314998626708984,-0.5518350143903958,0.09485398920913968,0.003256191584606473,-0.016554956045498084
43.55999946594238,-20.667999267578125,-38.314998626708984,-0.5806273008462068,-0.3479127446332676,0.004445752809756332,-0.10079818587619153
43.55999946594238,-20.667999267578125,-37.314998626708984,-0.5482027768605798,-0.18262447708356871,0.011887244546713551,-0.04855184665897151
43.55999946594238,-20.667999267578125,-30.314998626708984,-0.5280089003804482,-0.08951171465168153,0.011725270545419124,0.13321793828750586
43.55999946594238,-20.667999267578125,-29.314998626708984,-0.5368078522446026,-0.19925194947338287,0.006406069291137094,-0.12351825549507811
43.55999946594238,-20.667999267578125,-28.314998626708984,-0.5535801229991074,-0.47700442664039483,0.00416503382865516,-0.046682705666573884
43.55999946594238,-19.667999267578125,-39.314998626708984,-0.6206695808487815,-0.20122229314029644,0.001487873501232684,-0.03867478408109519
43.55999946594238,-19.667999267578125,-38.314998626708984,-0.5632832416999966,-0.21721617954646935,0.0067057656078792225,-0.09191313425297026
43.55999946594238,-19.667999267578125,-29.314998626708984,-0.5424551505505065,-0.13780712391852665,0.008307536999630176,0.12322314873098655
43.55999946594238,-19.667999267578125,-28.314998626708984,-0.5614716941547725,-0.38820234165126183,0.005048739220671887,-0.10728373087110178
43.55999946594238,-18.667999267578125,-39.314998626708984,-0.56496506364166,-0.306710103570577,0.0014489818530162538,-0.03981790956935363
43.55999946594238,-18.667999267578125,-38.314998626708984,-0.5475211470978829,-0.14046053526776717,0.007448173419572101,-0.06563368021900991
43.55999946594238,-17.667999267578125,-40.314998626708984,-0.5287736698988631,-0.3500356029204815,-9.001778245609733e-05,-0.00516195954828027
43.55999946594238,-17.667999267578125,-39.314998626708984,-0.5429283500608219,-0.3145707770187745,0.0010264752093540916,-0.02913433415179208
43.55999946594238,-17.667999267578125,-38.314998626708984,-0.555220518852972,-0.2710925284714981,0.004816105932308614,-0.11306450881041638
43.55999946594238,-17.667999267578125,-37.314998626708984,-0.5554479867801632,-0.198217833331252,0.014257197860184152,0.30927178250919407
43.55999946594238,-16.667999267578125,-40.314998626708984,-0.5036966900657988,-0.4418029877561423,-0.0001775676530202885,-0.0008574637224853211
43.55999946594238,-16.667999267578125,-37.314998626708984,-0.6163454786911174,-0.47504835501874904,0.004885171834838193,-0.1642090568357805
43.55999946594238,-16.667999267578125,-36.314998626708984,-0.592681047321348,-0.46379801673941495,0.0022621306355025098,-0.15998408609955536
43.55999946594238,-16.667999267578125,-34.314998626708984,-0.5477038094460395,-0.39991150988509155,-0.008352113693721576,-0.4367837234276973
43.55999946594238,-15.667999267578125,-30.314998626708984,-0.6146650037341024,-0.354840166153805,0.005886395524023846,0.1781342912745346
43.55999946594238,-15.667999267578125,-29.314998626708984,-0.6190445108034094,-0.24611227424111154,0.003628854834789977,-0.11743990075493868
43.55999946594238,-14.667999267578125,-30.314998626708984,-0.6667883383490273,-0.6933163580760594,0.0014660616442093391,-0.10694943067357174
44.55999946594238,-23.667999267578125,-35.314998626708984,-0.5460733792991228,-0.407504645397267,0.0032440333024405903,-0.02185924666708495
44.55999946594238,-23.667999267578125,-34.314998626708984,-0.5410545833753464,-0.3495401310658698,0.0035918047144915203,-0.036697774204929326
44.55999946594238,-23.667999267578125,-33.314998626708984,-0.5373220428680948,-0.33425151260189645,0.0036641250230706576,-0.04775955377988173
44.55999946594238,-23.667999267578125,-32.314998626708984,-0.5317348430304233,-0.3159132722932267,0.003480162007713103,-0.038947533571774766
44.55999946594238,-23.667999267578125,-31.314998626708984,-0.5304731251736997,-0.2943363189227352,0.00317806949715367,-0.023085313217036715
44.55999946594238,-22.667999267578125,-34.314998626708984,-0.5363029077719091,-0.2892084094265974,0.005622830183648426,-0.15673453999067213
44.55999946594238,-22.667999267578125,-33.314998626708984,-0.5257448698252167,-0.1653589315660913,0.005897562808570864,-0.13418407444076358
44.55999946594238,-22.667999267578125,-32.314998626708984,-0.5207436067662611,-0.1257516995890594,0.005554903738232898,-0.16147829842692255
44.55999946594238,-22.667999267578125,-31.314998626708984,-0.5212701813688988,-0.15563629561138118,0.0052429356210441265,-0.10687494602072693
44.55999946594238,-22.667999267578125,-30.314998626708984,-0.5330045518135025,0.141171297021325,0.004209523461912326,-0.04701705372535244
44.55999946594238,-21.667999267578125,-35.314998626708984,-0.5533633663296226,0.2265194546309827,0.00527134035990292,-0.2702088446929198
44.55999946594238,-21.667999267578125,-30.314998626708984,-0.5237308686452254,-0.21755850164169488,0.006917179127298326,-0.13718224100171778
44.55999946594238,-20.667999267578125,-38.314998626708984,-0.6214005000417792,-0.29671709902674814,0.0032672295921071727,-0.05467217166075075
44.55999946594238,-20.667999267578125,-36.314998626708984,-0.5558905077373753,0.18203657815538715,0.0038900999701062156,-0.31878894629516547
44.55999946594238,-20.667999267578125,-35.314998626708984,-0.540074737239174,-0.18682418376651247,-0.0026615518099414952,-0.3598301903776024
44.55999946594238,-20.667999267578125,-30.314998626708984,-0.5211096585447801,-0.10921187147260736,0.012171520572966363,0.586744899017833
44.55999946594238,-20.667999267578125,-29.314998626708984,-0.5300986293214612,-0.2787822124321519,0.006984662510457709,-0.16981465766025836
44.55999946594238,-19.667999267578125,-38.314998626708984,-0.5862897619657564,-0.284374199205025,0.004829607273332958,-0.09699818200478753
44.55999946594238,-19.667999267578125,-37.314998626708984,-0.5555639353062262,-0.14578178205630618,0.008110854142894027,-0.2678327846869553
44.55999946594238,-19.667999267578125,-29.314998626708984,-0.5310804176422094,-0.14509721288852573,0.009526637223616543,1.0139890635376778
44.55999946594238,-18.667999267578125,-40.314998626708984,-0.5743366072589454,-0.4811161288974828,0.0007327184986845264,-0.005404819739327564
44.55999946594238,-18.667999267578125,-39.314998626708984,-0.573185787999599,-0.32772646954634044,0.0023248857942002967,-0.02731435003667563
44.55999946594238,-18.667999267578125,-38.314998626708984,-0.5606916664004699,-0.1756566337328557,0.006987981952092423,-0.11911352569720249
44.55999946594238,-17.667999267578125,-40.314998626708984,-0.5202625436639406,-0.4220686607001457,0.0006408432855297906,-0.004722454178432099
44.55999946594238,-17.667999267578125,-39.314998626708984,-0.5436857780535106,-0.4315623519547792,0.0021399481924450434,-0.021742831763034366
44.55999946594238,-17.667999267578125,-38.314998626708984,-0.5655468943585598,-0.3709008416180479,0.006982934586187515,-0.09042738108875635
44.55999946594238,-16.667999267578125,-37.314998626708984,-0.6306850224950685,-0.30457198543382635,0.009929681952304788,0.06380163893789531
44.55999946594238,-15.667999267578125,-36.314998626708984,-0.7034757678875342,-0.07715696214367718,0.0024458945643615216,-0.1676367347380161
44.55999946594238,-15.667999267578125,-35.314998626708984,-0.6871112855895345,-0.4266102938460463,0.0016840077150699104,-0.22921494392970543
44.55999946594238,-15.667999267578125,-32.314998626708984,-0.6085740432924984,-0.27239189784945594,0.009736438977702152,0.36968407662602304
44.55999946594238,-15.667999267578125,-27.314998626708984,-0.5804629850532651,-0.17129184551891977,-4.964435538702943e-05,-0.22871181488361836
44.55999946594238,-14.667999267578125,-30.314998626708984,-0.6192991180221302,-0.38639051617688613,0.001490908103442243,-0.12439140128635913
44.55999946594238,-13.667999267578125,-30.314998626708984,-0.6551862448273892,-0.4136693021138308,-0.0024695862602812048,-0.09067419016041968
44.55999946594238,-12.667999267578125,-30.314998626708984,-0.6818052007214118,-0.8464542636564273,-0.0035702728248268147,-0.03838873918926073
45.55999946594238,-24.667999267578125,-31.314998626708984,-0.547571146080314,-0.25285370768674115,0.0019364338011506144,-0.0039291493348556986
45.55999946594238,-23.667999267578125,-34.314998626708984,-0.5474483773157734,-0.3791781806038828,0.002644780140589263,-0.021840393472204258
45.55999946594238,-23.667999267578125,-33.314998626708984,-0.5385662820799624,-0.3065038617492948,0.0028867270490751627,-0.025666811759208492
45.55999946594238,-23.667999267578125,-32.314998626708984,-0.530758247126459,-0.3039107223540588,0.0029123884981077037,-0.024759676490587856
45.55999946594238,-23.667999267578125,-31.314998626708984,-0.5281903446966629,-0.3007553395150975,0.002776879362065322,-0.01569096789011137
45.55999946594238,-22.667999267578125,-33.314998626708984,-0.5333065853438684,-0.19691725257654033,0.004643275004719462,-0.11988116396569576
45.55999946594238,-22.667999267578125,-32.314998626708984,-0.5230520758698286,-0.12461112896026666,0.0045812911144170266,-0.10957739547024573
45.55999946594238,-22.667999267578125,-31.314998626708984,-0.5210732962877723,-0.1512352476000715,0.004250590268619362,-0.06867360647784806
45.55999946594238,-22.667999267578125,-30.314998626708984,-0.5326366612462905,0.1255336081157246,0.0037424753720089214,-0.04111681452792461
45.55999946594238,-21.667999267578125,-32.314998626708984,-0.5220008726571723,-0.06332528345572745,0.008608334369885364,0.783622017937364
45.55999946594238,-21.667999267578125,-31.314998626708984,-0.5189006095735,-0.08794424090312809,0.007023968884942567,-0.2166085841902066
45.55999946594238,-21.667999267578125,-30.314998626708984,-0.5257714439352907,-0.2669016104494897,0.005980478393665523,-0.13705841006554426
45.55999946594238,-20.667999267578125,-38.314998626708984,-0.6274220342338432,-0.4977915970219627,0.0020898839101882206,-0.02618947579467436
45.55999946594238,-20.667999267578125,-37.314998626708984,-0.5901078620720662,0.3706910446323184,0.0021756706385442134,-0.08028476186994424
45.55999946594238,-20.667999267578125,-36.314998626708984,-0.5777802340390366,-0.006297081963661909,0.00024376441964132353,-0.1893476634474096
45.55999946594238,-20.667999267578125,-35.314998626708984,-0.5646407726933027,-0.008728559868123245,-0.002167446686942378,-0.3537428401603569
45.55999946594238,-20.667999267578125,-30.314998626708984,-0.5218707049394006,-0.15400379903042227,0.01131014628608137,2.9845759579465296
45.55999946594238,-19.667999267578125,-39.314998626708984,-0.6531237770332432,1.2771636331265963,0.0017404740970243613,-0.014392614590601252
45.55999946594238,-19.667999267578125,-38.314998626708984,-0.5935385362569551,-0.28490589006330636,0.0030968619383414855,-0.05016619815009763
45.55999946594238,-19.667999267578125,-37.314998626708984,-0.5721844709539545,-0.17785363488761904,0.003615351784260763,-0.17516733044934002
45.55999946594238,-19.667999267578125,-36.314998626708984,-0.5642606715019575,-0.1406055487350263,-0.0032980975521780913,-0.04869315603612193
45.55999946594238,-19.667999267578125,-34.314998626708984,-0.5459915094272378,-0.0569667091004346,-0.013675152644898311,0.9804813741616365
45.55999946594238,-19.667999267578125,-29.314998626708984,-0.5275919695788434,-0.17034791243315894,0.008008741011964972,1.0136427628238773
45.55999946594238,-18.667999267578125,-40.314998626708984,-0.5604797420041406,-0.42653758717955487,0.0009409849753238814,-0.0027284672258072063
45.55999946594238,-18.667999267578125,-39.314998626708984,-0.5738705418591669,-0.3062754162251,0.0021429268538351804,-0.01790781303454324
45.55999946594238,-18.667999267578125,-38.314998626708984,-0.5724943417018251,-0.18270652844994148,0.0049629913388484805,-0.07294274890676078
45.55999946594238,-18.667999267578125,-37.314998626708984,-0.5712399222990074,-0.12545157485957567,0.01208119983689103,0.7343826124936584
45.55999946594238,-17.667999267578125,-40.314998626708984,-0.5251757752891576,-0.455621566985396,0.0009003643175715433,-0.0026900925496003677
45.55999946594238,-17.667999267578125,-39.314998626708984,-0.5533842875531846,-0.46819722023649996,0.0021645450193393694,-0.0169669756249555
45.55999946594238,-17.667999267578125,-38.314998626708984,-0.5776718587957221,-0.42997912836221286,0.0056070756740495015,-0.0686573617006031
45.55999946594238,-16.667999267578125,-37.314998626708984,-0.623153008274356,-0.31316789760241587,0.007956946212236063,-0.11563201143734538
45.55999946594238,-16.667999267578125,-36.314998626708984,-0.6227368051598022,-0.5712677052222618,0.008804464027246967,0.8640349834693837
45.55999946594238,-16.667999267578125,-27.314998626708984,-0.5563930855813155,-0.16125833710235532,0.008108026893708601,1.5320168144523905
45.55999946594238,-15.667999267578125,-26.314998626708984,-0.5551943365117477,-0.19288333547313308,0.01182048164532485,3.690871058505378
45.55999946594238,-14.667999267578125,-31.314998626708984,-0.5884942451369168,-0.12241952403823504,0.004062807415968719,-0.3114666186042077
45.55999946594238,-14.667999267578125,-30.314998626708984,-0.582803592971949,-0.3052237226232764,-0.0012493193114213562,-0.3918283515761272
45.55999946594238,-13.667999267578125,-30.314998626708984,-0.6037944794632046,-0.5079819852270312,-0.004723682674975249,-0.22461880060177158
45.55999946594238,-12.667999267578125,-30.314998626708984,-0.6202068764940285,-0.7607332040602365,-0.006327195933713064,-0.10792201368447475
45.55999946594238,-12.667999267578125,-29.314998626708984,-0.6429034279109168,-0.6176203743788364,-0.015061751772784375,-0.20681514151241046
45.55999946594238,-11.667999267578125,-30.314998626708984,-0.6374426651955722,-0.20920016211500092,-0.005680162103742579,-0.03940662154451248
46.55999946594238,-24.667999267578125,-31.314998626708984,-0.5458051079302456,-0.45245337546159764,0.0017097595344729172,-0.001937550780236744
46.55999946594238,-23.667999267578125,-33.314998626708984,-0.5452709879379457,-0.16279704946414258,0.0022904427177053454,-0.010542349933664602
46.55999946594238,-23.667999267578125,-32.314998626708984,-0.5346588979507992,-0.2287871041238463,0.0024060718404533064,-0.01181930460752217
46.55999946594238,-23.667999267578125,-31.314998626708984,-0.5282848381064351,-0.259891168417595,0.0023833453263639535,-0.009819295315782677
46.55999946594238,-23.667999267578125,-30.314998626708984,-0.5304960990262193,-0.3311845710979423,0.002263151203571856,-0.007608352549149232
46.55999946594238,-22.667999267578125,-33.314998626708984,-0.5488758015583594,-0.1540765398022431,0.0033708841289086635,-0.0502908405041982
46.55999946594238,-22.667999267578125,-32.314998626708984,-0.5331393404746206,-0.14470353960543178,0.0035816664396627245,-0.04747102630485738
46.55999946594238,-22.667999267578125,-31.314998626708984,-0.5262051721696236,-0.15246812208622731,0.003512230701218858,-0.0423107697028419
46.55999946594238,-22.667999267578125,-30.314998626708984,-0.529124411767185,-0.28875959650928495,0.003290027273435545,-0.030356183525093165
46.55999946594238,-21.667999267578125,-33.314998626708984,-0.5533881890206321,-0.12856803641986686,0.005632433396072524,-0.11918844521820192
46.55999946594238,-21.667999267578125,-32.314998626708984,-0.5364658367670122,-0.09753508137928216,0.005840839281519315,-0.1577302581881837
46.55999946594238,-21.667999267578125,-31.314998626708984,-0.5280738809432592,-0.1078103146828918,0.0057936690667060925,-0.15014482786343636
46.55999946594238,-21.667999267578125,-30.314998626708984,-0.5307002507052678,-0.043030633052380085,0.0053019675217953754,-0.13584566264853454
46.55999946594238,-20.667999267578125,-39.314998626708984,-0.674924400545196,-0.23550641603762612,0.0011112380442916438,-0.0024940507043451727
46.55999946594238,-20.667999267578125,-38.314998626708984,-0.6155585610219304,-0.560243018431096,0.001493907834360297,-0.014081574299584265
46.55999946594238,-20.667999267578125,-37.314998626708984,-0.5984858192666203,-0.10490548125020244,0.001553811632812441,-0.03835494418894822
46.55999946594238,-20.667999267578125,-34.314998626708984,-0.5759799664919478,0.26032159479907835,0.0040236232787785415,-0.2433531845591511
46.55999946594238,-20.667999267578125,-33.314998626708984,-0.5537213643268503,-0.11435349125069602,0.00976359825104545,0.19452411912968753
46.55999946594238,-20.667999267578125,-32.314998626708984,-0.5387674226090379,-0.06364366522548813,0.01013980409525885,-0.1751633776303508
46.55999946594238,-19.667999267578125,-40.314998626708984,-0.5975877261694925,-0.39766303142517134,0.0008239077752749916,-0.0002563150954348691
46.55999946594238,-19.667999267578125,-39.314998626708984,-0.6042324466403083,-0.42742430667692083,0.0013784072443465984,-0.007452590015161074
46.55999946594238,-19.667999267578125,-38.314998626708984,-0.5942640957658301,-0.24839129304133034,0.0020636058333443254,-0.025037562073634778
46.55999946594238,-19.667999267578125,-37.314998626708984,-0.5931901235105245,-0.19465859014033962,0.0023387180580969604,-0.08196553294579821
46.55999946594238,-19.667999267578125,-36.314998626708984,-0.5955874633151391,-0.18869744850475514,0.0012607542368269237,-0.2170785670574085
46.55999946594238,-19.667999267578125,-35.314998626708984,-0.5900767470641104,-0.159370985945079,0.0008122374619849423,-0.12008689739405046
46.55999946594238,-19.667999267578125,-34.314998626708984,-0.5744966416656994,-0.10239336723773278,0.004650977324446408,0.5572514934807782
46.55999946594238,-18.667999267578125,-40.314998626708984,-0.5456878875900911,-0.394837337393205,0.0009027310780469894,-0.0003619810170463079
46.55999946594238,-18.667999267578125,-39.314998626708984,-0.574053893039285,-0.2716176707075221,0.0016626593170129885,-0.009613648937499926
46.55999946594238,-18.667999267578125,-38.314998626708984,-0.5894422100580853,-0.18825573338254217,0.0029467725349440017,-0.03667041746216673
46.55999946594238,-18.667999267578125,-37.314998626708984,-0.6025113955311906,-0.17179945729641283,0.004551713069998002,-0.13897809374492312
46.55999946594238,-18.667999267578125,-36.314998626708984,-0.6110006425491592,-0.16136750906705655,0.0052539543548283,0.253875334449538
46.55999946594238,-17.667999267578125,-40.314998626708984,-0.5492905203632893,-0.5286195803304037,0.0008945835647236579,-0.0003868325125005805
46.55999946594238,-17.667999267578125,-39.314998626708984,-0.5861017162568195,-0.5104557993475981,0.0017303154994629069,-0.008534660348111255
46.55999946594238,-17.667999267578125,-38.314998626708984,-0.6096129148482246,-0.45643174534664066,0.0033307091763621105,-0.03783584483006575
46.55999946594238,-17.667999267578125,-37.314998626708984,-0.6245653965142114,-0.3758191257318091,0.005973183847169951,-0.14974669791465745
46.55999946594238,-17.667999267578125,-36.314998626708984,-0.6335484316548489,-0.3197237651942054,0.008537686282471276,0.8653242301399825
46.55999946594238,-16.667999267578125,-36.314998626708984,-0.6558104074817899,-0.27189607679721606,0.007125173952096569,-0.21122770459709095
46.55999946594238,-14.667999267578125,-33.314998626708984,-0.6329420325835625,0.12483182432285873,0.007098954696154971,-0.27102845385600255
46.55999946594238,-14.667999267578125,-31.314998626708984,-0.5731784255606964,-0.24358115906469258,0.008486705857133174,-0.5082036509243473
46.55999946594238,-13.667999267578125,-30.314998626708984,-0.574522830687657,-0.37622792098369245,0.0009870814935362543,0.09902371165645273
46.55999946594238,-12.667999267578125,-30.314998626708984,-0.5924361661533698,-0.7240600736828093,-0.007631575563080773,-0.2655257950051851
46.55999946594238,-12.667999267578125,-29.314998626708984,-0.5901412199311427,-0.3679430024030266,-0.036099468903519547,0.15204609254437396
47.55999946594238,-23.667999267578125,-33.314998626708984,-0.5544154526590049,-0.3057546311563781,0.0018436753430520045,-0.0036532706261585826
47.55999946594238,-23.667999267578125,-32.314998626708984,-0.5443966708326566,-0.2535544813571765,0.0019834582755714853,-0.006001477281494598
47.55999946594238,-23.667999267578125,-31.314998626708984,-0.5336235287881023,-0.24061323646016824,0.0020274329316730777,-0.005936864399403561
47.55999946594238,-23.667999267578125,-30.314998626708984,-0.5246499850450979,-0.30212843822084534,0.0019889497123597353,-0.004385713950004416
47.55999946594238,-22.667999267578125,-33.314998626708984,-0.5709603870492849,-0.25498438337996426,0.0025170291839864524,-0.016012553427084943
47.55999946594238,-22.667999267578125,-32.314998626708984,-0.5569079676366384,-0.22614143772290682,0.0027884812743698695,-0.019928382721937463
47.55999946594238,-22.667999267578125,-31.314998626708984,-0.5429912351483598,-0.20349298979770034,0.002884294127009977,-0.024472172039219697
47.55999946594238,-22.667999267578125,-30.314998626708984,-0.5307471796300335,-0.25465050274519985,0.002832085701485823,-0.02314889750227597
47.55999946594238,-21.667999267578125,-33.314998626708984,-0.5856523539270825,-0.26025928775390617,0.0035989837762010484,-0.06263175606313008
47.55999946594238,-21.667999267578125,-32.314998626708984,-0.5691301665416153,-0.2255703641319344,0.004134343517216767,-0.08087389477596622
47.55999946594238,-21.667999267578125,-31.314998626708984,-0.5514172405325275,-0.20041795521517705,0.0044101936810825235,-0.11228114813790518
47.55999946594238,-21.667999267578125,-30.314998626708984,-0.5381057158531974,-0.19906410730749297,0.004290410992376529,-0.1210913777596268
47.55999946594238,-20.667999267578125,-38.314998626708984,-0.6115858219446962,-0.5446537307132363,0.0012329860178442774,-0.0049653652978344206
47.55999946594238,-20.667999267578125,-37.314998626708984,-0.6173295841390238,-0.4095247404909622,0.0015014858322724106,-0.014599012106622159
47.55999946594238,-20.667999267578125,-36.314998626708984,-0.6302692446044299,0.05183331235696564,0.0018114276264561918,-0.03801499081899714
47.55999946594238,-20.667999267578125,-34.314998626708984,-0.6106227063718499,-0.09813472440442705,0.003811396847999231,-0.11757302895044447
47.55999946594238,-20.667999267578125,-33.314998626708984,-0.5899006133642625,-0.20795724566534324,0.005529827773737033,-0.17194063242789326
47.55999946594238,-20.667999267578125,-32.314998626708984,-0.5709434136699392,-0.17442951800356216,0.006347095238847459,-0.24991717671678057
47.55999946594238,-20.667999267578125,-31.314998626708984,-0.5512844958977531,-0.14239190191850357,0.007403093523102944,0.8057402659696947
47.55999946594238,-19.667999267578125,-39.314998626708984,-0.5858054155651297,-0.3716820095352939,0.001113448145556264,-0.0023376737737829203
47.55999946594238,-19.667999267578125,-38.314998626708984,-0.6058206270297024,-0.2486658546104171,0.0015871687558853074,-0.010605902999984654
47.55999946594238,-19.667999267578125,-37.314998626708984,-0.6298853013161857,-0.23797985018011508,0.002144178376783435,-0.03306869649778794
47.55999946594238,-19.667999267578125,-36.314998626708984,-0.6496715799755653,-0.2827240031465165,0.0031603243230025947,-0.09297909120579949
47.55999946594238,-19.667999267578125,-35.314998626708984,-0.6458379167523426,-0.256376755452889,0.005384759111497422,-0.12798400202384166
47.55999946594238,-19.667999267578125,-34.314998626708984,-0.6200116163772964,-0.17360326065414208,0.006983237693994903,-0.2558823027875565
47.55999946594238,-19.667999267578125,-33.314998626708984,-0.5916185087467255,-0.12016892873521799,0.009125019080947998,0.148737234294523
47.55999946594238,-19.667999267578125,-32.314998626708984,-0.5674543962710028,-0.09471649261121781,0.007870966966244865,-0.020797219965019896
47.55999946594238,-18.667999267578125,-39.314998626708984,-0.5830859680681574,-0.2893142174829507,0.0012888373486795556,-0.00460342248594939
47.55999946594238,-18.667999267578125,-38.314998626708984,-0.6183797059441248,-0.2419984165877886,0.002020904797456303,-0.015508585192558415
47.55999946594238,-18.667999267578125,-37.314998626708984,-0.6613249567987571,-0.3193284148493132,0.0031786488915606036,-0.05654252046767439
47.55999946594238,-18.667999267578125,-36.314998626708984,-0.7045111792571831,-0.321707203069789,0.0065112276458059145,-0.0660323390964663
47.55999946594238,-17.667999267578125,-39.314998626708984,-0.6232672552860667,-0.5867057967374484,0.0013462569239490315,-0.004843257071365803
47.55999946594238,-17.667999267578125,-38.314998626708984,-0.6540248026798077,-0.5183547204729401,0.002228922973961467,-0.01523852373919783
47.55999946594238,-17.667999267578125,-37.314998626708984,-0.7002672614856862,-0.5969624135412174,0.003747870457068861,-0.06143539291917944
47.55999946594238,-17.667999267578125,-36.314998626708984,-0.7567720173050776,0.3607153397801116,0.007943547732600873,-0.04773989095637583
47.55999946594238,-16.667999267578125,-35.314998626708984,-0.7286290085124044,-0.43752025711930487,0.012164835045757341,0.008250439334888074
47.55999946594238,-14.667999267578125,-33.314998626708984,-0.6135738830546186,-0.26455667822334294,0.008340100144024809,-0.2654289923102613
47.55999946594238,-13.667999267578125,-33.314998626708984,-0.6142976733454556,-0.19642022277385265,0.005165033183320389,-0.09326042930970475
47.55999946594238,-13.667999267578125,-32.314998626708984,-0.5967653653132929,-0.13595985045623163,0.01014793303748635,-0.15389036103474654
47.55999946594238,-13.667999267578125,-31.314998626708984,-0.5777641016938728,-0.40214759870518935,0.026572154821842005,0.6100782470120205
48.55999946594238,-23.667999267578125,-34.314998626708984,-0.5777728277463232,-0.39751055705744,0.0013442755915713416,-0.0002576821104721699
48.55999946594238,-23.667999267578125,-33.314998626708984,-0.5778541296549612,-0.37913261397818776,0.0015189765999284468,-0.0002964304571590958
48.55999946594238,-23.667999267578125,-32.314998626708984,-0.5728256451300139,-0.35056956026858377,0.0016481737300671076,-0.0023107759265246046
48.55999946594238,-23.667999267578125,-31.314998626708984,-0.5543885192846334,-0.2974956996808637,0.0017148438804994023,-0.0028225070371346085
48.55999946594238,-23.667999267578125,-30.314998626708984,-0.528167244548377,-0.30054694584455394,0.0017160860554626023,-0.0030798771372465483
48.55999946594238,-23.667999267578125,-29.314998626708984,-0.503709213823222,-0.20397091181157825,0.0016590485879393292,-0.0029075548550029605
48.55999946594238,-22.667999267578125,-34.314998626708984,-0.6137348959240922,-0.2941966109225213,0.0017108368930110439,-0.002390637484122089
48.55999946594238,-22.667999267578125,-33.314998626708984,-0.6159404309810553,-0.1834398911840562,0.0020085960861691426,-0.0062419398221784245
48.55999946594238,-22.667999267578125,-30.314998626708984,-0.5488851502369851,-0.19479241314378595,0.002399009713550123,-0.011970455745441285
48.55999946594238,-22.667999267578125,-29.314998626708984,-0.5173151532740042,-0.2457354519856016,0.002320020080192646,-0.00976173012758204
48.55999946594238,-21.667999267578125,-34.314998626708984,-0.6477953552324761,-0.20195779213288834,0.002261333744087975,-0.01721383873923
48.55999946594238,-21.667999267578125,-30.314998626708984,-0.562248691451385,-0.11705780242906913,0.0036214588396652012,-0.06452694046901201
48.55999946594238,-21.667999267578125,-29.314998626708984,-0.5314831029438986,-0.1901106408491083,0.0034790439286382507,-0.0440661240511706
48.55999946594238,-20.667999267578125,-38.314998626708984,-0.6254259025640185,-0.5557217764994162,0.0010735297195263078,-0.00030155539388916945
48.55999946594238,-20.667999267578125,-37.314998626708984,-0.6638983578471709,-0.20153739484279148,0.0014042561456096493,-0.004995005054676078
48.55999946594238,-20.667999267578125,-36.314998626708984,-0.6816045642489705,-0.4283764716680368,0.0018580256847793766,-0.01362923246485881
48.55999946594238,-20.667999267578125,-35.314998626708984,-0.676891116366271,-0.3842081372164936,0.0024887227448589675,-0.028176678636629704
48.55999946594238,-20.667999267578125,-34.314998626708984,-0.6660209892179755,-0.2689533555786371,0.0032607374181328544,-0.050084026462773684
48.55999946594238,-20.667999267578125,-31.314998626708984,-0.5982743407711019,-0.007601446265954825,0.006599885337965752,0.013652765712734303
48.55999946594238,-19.667999267578125,-38.314998626708984,-0.6330803640651936,-0.3378480368911994,0.0013164991301144163,-0.004442728556505947
48.55999946594238,-19.667999267578125,-37.314998626708984,-0.6929133596074628,-0.43041880776908964,0.0018732878218052757,-0.010092161229175462
48.55999946594238,-19.667999267578125,-36.314998626708984,-0.7431897101598677,-0.4928755097256393,0.0027947392106247057,-0.033448548393980364
48.55999946594238,-19.667999267578125,-35.314998626708984,-0.7364250507655453,-0.4482387184002472,0.004122396586805398,-0.0714338246070714
48.55999946594238,-19.667999267578125,-34.314998626708984,-0.6876872583932865,-0.3576255306490771,0.0054217848811353095,-0.13598212010851277
48.55999946594238,-19.667999267578125,-33.314998626708984,-0.6465312525068512,-0.19237580927914644,0.007000067876839724,-0.18169898646295868
48.55999946594238,-19.667999267578125,-32.314998626708984,-0.6115275314959586,-0.14373052158163893,0.008219906854455755,-0.15427919958370864
48.55999946594238,-18.667999267578125,-38.314998626708984,-0.6601153825170318,-0.36148882539477883,0.0015668742538012086,-0.006113847391930896
48.55999946594238,-18.667999267578125,-37.314998626708984,-0.7632810762695666,-0.1987514453522377,0.0024391199160528057,-0.020397793816146148
48.55999946594238,-18.667999267578125,-34.314998626708984,-0.7413303832242611,-0.1535394159123812,0.00954114182505638,-0.1669692111876838
48.55999946594238,-17.667999267578125,-38.314998626708984,-0.6994443039521795,-0.5957651247411517,0.0016874988001261964,-0.006805679758925616
48.55999946594238,-14.667999267578125,-33.314998626708984,-0.6209067034328375,-0.23325348165628845,0.008658278202334018,-0.20709516253726878
48.55999946594238,-13.667999267578125,-32.314998626708984,-0.5974305187964342,-0.3938304470008159,0.01226502231049969,-0.06895235803622733
49.55999946594238,-22.667999267578125,-29.314998626708984,-0.5207554750218669,-0.26091570616297477,0.0019143182278015002,-0.005145493780825574
49.55999946594238,-21.667999267578125,-35.314998626708984,-0.7020066360629718,-0.4506616793648336,0.001539064663024644,-0.0006478916181056285
49.55999946594238,-20.667999267578125,-35.314998626708984,-0.7567656046201978,-0.5849591274462067,0.0020705027069334893,-0.008911255856088067
49.55999946594238,-19.667999267578125,-38.314998626708984,-0.6759600093258498,-0.6279587643024632,0.0010909533947220259,-0.0002847633388128111
49.55999946594238,-19.667999267578125,-37.314998626708984,-0.7949450142259541,-0.4892761918074644,0.0015159422096004225,-0.0025894150417625768
49.55999946594238,-19.667999267578125,-36.314998626708984,-0.8966323424580428,1.2308133260287306,0.0021225789747702424,-0.011489350700217824
49.55999946594238,-19.667999267578125,-35.314998626708984,-0.854344377269404,-0.6063082810253771,0.0029248304276735504,-0.02417882467736044
49.55999946594238,-19.667999267578125,-34.314998626708984,-0.7683809190223893,-0.4722866932102949,0.003945327626229464,-0.05408589701970483
49.55999946594238,-18.667999267578125,-34.314998626708984,-0.826699834918595,0.5579998080195,0.005968362863064721,-0.11485398708169375
49.55999946594238,-16.667999267578125,-28.314998626708984,-0.5369912605607626,-0.0990509062621212,-0.000551136916727776,-0.3964314089686655
49.55999946594238,-16.667999267578125,-27.314998626708984,-0.5355024137294039,-0.11380761477104293,-0.0033752753456809375,-0.32340958201137376
49.55999946594238,-15.667999267578125,-29.314998626708984,-0.5507056012026323,-0.24764588852892896,-0.00040310326026236475,-0.06408113697129221
49.55999946594238,-15.667999267578125,-28.314998626708984,-0.5414538426280795,-0.2627326124182284,-0.013153283760012426,-0.40523794761328574
49.55999946594238,-15.667999267578125,-27.314998626708984,-0.537741599658546,-0.3155102839749338,-0.014028394407345848,-0.4993229027028136
49.55999946594238,-14.667999267578125,-32.314998626708984,-0.6217998804823832,-0.348948363182125,0.011584333989649363,0.29547096921582966
49.55999946594238,-14.667999267578125,-30.314998626708984,-0.5746380903994927,-0.6073243461770242,0.024172606374934263,0.6994567218005465
49.55999946594238,-14.667999267578125,-28.314998626708984,-0.549358473715719,-0.5844486834922751,-0.030583285520957154,0.9422011795603562
49.55999946594238,-14.667999267578125,-27.314998626708984,-0.5448525152852214,-0.4913732670404361,-0.029042876611513842,-0.4722130268231104
50.55999946594238,-16.667999267578125,-29.314998626708984,-0.56678557281305,-0.16675396729926892,0.00353104632830316,-0.21717280955321402
50.55999946594238,-15.667999267578125,-30.314998626708984,-0.596760891868569,-0.40762192902240674,0.008515915487351202,0.43473144004858544
50.55999946594238,-15.667999267578125,-29.314998626708984,-0.5776541043403985,-0.4298568808259644,0.00047006566583924526,-0.24301290798063085
50.55999946594238,-15.667999267578125,-28.314998626708984,-0.5672546034243307,-0.34248188306672467,-0.00483877012094075,-0.1909869143802464
