x,y,z,radius,rgb,atom_name,atom_type,residue_name
-5.089000225067139,3.50600004196167,-2.6679999828338623,0.5537333333333333,FF3300,O,oh,9TX
-5.4770002365112305,4.406000137329102,-2.927999973297119,0.09999999999999999,FFÑÑFF,H2,ho,9TX
-4.3429999351501465,3.63700008392334,-1.5140000581741333,0.608,3366FF,N,n2,9TX
-3.253000020980835,2.9539999961853027,-1.5360000133514404,0.636,FFFFCC,C1,ce,9TX
-2.4660000801086426,3.0269999504089355,-0.2630000114440918,0.636,FFFFCC,C2,ce,9TX
-2.609999895095825,2.2939999103546143,-2.7829999923706055,0.636,FFFFCC,C,c3,9TX
-1.1069999933242798,2.046999931335449,-2.5810000896453857,0.636,FFFFCC,C5,c3,9TX
-0.6259999871253967,1.4559999704360962,-1.2130000591278076,0.636,FFFFCC,C4,c3,9TX
-1.406000018119812,0.09099999815225601,-1.0379999876022339,0.636,FFFFCC,C18,c3,9TX
-1.215999960899353,2.436000108718872,-0.057999998331069946,0.636,FFFFCC,C3,cf,9TX
-0.5429999828338623,2.6440000534057617,1.1979999542236328,0.636,FFFFCC,C9,cf,9TX
-1.2569999694824219,3.0899999141693115,2.2139999866485596,0.608,3366FF,N1,n2,9TX
-2.046999931335449,2.122999906539917,2.865999937057495,0.5537333333333333,FF3300,O1,oh,9TX
-1.444000005722046,1.8830000162124634,3.5769999027252197,0.09999999999999999,FFÑÑFF,H10,ho,9TX
0.9679999947547913,2.492000102996826,1.1929999589920044,0.636,FFFFCC,C8,c3,9TX
1.5230000019073486,2.4509999752044678,-0.2630000114440918,0.636,FFFFCC,C7,c3,9TX
0.9110000133514404,1.277999997138977,-1.0160000324249268,0.636,FFFFCC,C6,c3,9TX
1.593000054359436,0.902999997138977,-2.3440001010894775,0.636,FFFFCC,C13,c3,9TX
3.134999990463257,0.8519999980926514,-2.1689999103546143,0.636,FFFFCC,C12,c3,9TX
3.7209999561309814,2.122999906539917,-1.5570000410079956,0.636,FFFFCC,C11,c3,9TX
3.4560000896453857,3.375999927520752,-2.506999969482422,0.636,FFFFCC,C17,c3,9TX
3.109999895095825,2.3559999465942383,-0.16899999976158142,0.636,FFFFCC,C10,c3,9TX
3.6059999465942383,1.3980000019073486,0.8999999761581421,0.636,FFFFCC,C16,c3,9TX
5.117000102996826,1.184999942779541,0.781000018119812,0.636,FFFFCC,C15,c,9TX
5.676000118255615,0.6140000224113464,1.6979999542236328,0.5537333333333333,FF3300,O3,o,9TX
5.559000015258789,0.9509999752044678,-0.4740000069141388,0.5537333333333333,FF3300,O2,os,9TX
5.2870001792907715,2.00600004196167,-1.4539999961853027,0.636,FFFFCC,C14,c3,9TX
7.691999912261963,0.39500001072883606,3.3340001106262207,0.44,000000,FE,FE,HEM
8.913999557495117,1.2660000324249268,2.0260000228881836,0.608,3366FF,NA,NP,HEM
8.824999809265137,2.6010000705718994,1.6950000524520874,0.636,FFFFCC,C1A,CC,HEM
9.741999626159668,2.819999933242798,0.6150000095367432,0.636,FFFFCC,C2A,CB,HEM
9.895999908447266,4.2129998207092285,-0.06700000166893005,0.636,FFFFCC,CAA,CT,HEM
11.206000328063965,5.005000114440918,0.05299999937415123,0.636,FFFFCC,CBA,CT,HEM
11.112000465393066,6.296000003814697,-0.7599999904632568,0.636,FFFFCC,CGA,C,HEM
12.157999992370605,6.89900016784668,-1.1160000562667847,0.5537333333333333,FF3300,O1A,O2,HEM
9.972999572753906,6.730999946594238,-1.0520000457763672,0.5537333333333333,FF3300,O2A,O2,HEM
10.354000091552734,1.6449999809265137,0.32100000977516174,0.636,FFFFCC,C3A,CB,HEM
11.409000396728516,1.375,-0.7870000004768372,0.636,FFFFCC,CMA,CT,HEM
9.83899974822998,0.6579999923706055,1.2079999446868896,0.636,FFFFCC,C4A,CC,HEM
10.182999610900879,-0.6740000247955322,1.2339999675750732,0.636,FFFFCC,CHB,CD,HEM
9.461000442504883,-1.6619999408721924,1.88100004196167,0.636,FFFFCC,C1B,CC,HEM
8.48900032043457,-1.440999984741211,2.816999912261963,0.608,3366FF,NB,NO,HEM
9.562000274658203,-3.0929999351501465,1.7300000190734863,0.636,FFFFCC,C2B,CB,HEM
10.536999702453613,-3.7899999618530273,0.7139999866485596,0.636,FFFFCC,CMB,CT,HEM
8.682000160217285,-3.6600000858306885,2.6010000705718994,0.636,FFFFCC,C3B,CB,HEM
8.369999885559082,-5.144999980926514,2.8540000915527344,0.636,FFFFCC,CAB,CY,HEM
9.269000053405762,-6.006999969482422,2.438999891281128,0.636,FFFFCC,CBB,CX,HEM
8.017000198364258,-2.622999906539917,3.296999931335449,0.636,FFFFCC,C4B,CC,HEM
7.10699987411499,-2.7980000972747803,4.296000003814697,0.636,FFFFCC,CHC,CD,HEM
6.414000034332275,-1.8240000009536743,4.9679999351501465,0.636,FFFFCC,C1C,CC,HEM
6.406000137329102,-0.48899999260902405,4.63700008392334,0.608,3366FF,NC,NP,HEM
5.52400016784668,-2.0290000438690186,6.0970001220703125,0.636,FFFFCC,C2C,CB,HEM
5.263000011444092,-3.4130001068115234,6.795000076293945,0.636,FFFFCC,CMC,CT,HEM
5.006999969482422,-0.8259999752044678,6.419000148773193,0.636,FFFFCC,C3C,CB,HEM
4.014999866485596,-0.42100000381469727,7.5279998779296875,0.636,FFFFCC,CAC,CY,HEM
4.144000053405762,-0.8799999952316284,8.755000114440918,0.636,FFFFCC,CBC,CX,HEM
5.551000118255615,0.13300000131130219,5.514999866485596,0.636,FFFFCC,C4C,CC,HEM
5.241000175476074,1.4450000524520874,5.556000232696533,0.636,FFFFCC,CHD,CD,HEM
5.788000106811523,2.427000045776367,4.794000148773193,0.636,FFFFCC,C1D,CC,HEM
6.760000228881836,2.2799999713897705,3.8489999771118164,0.608,3366FF,ND,NO,HEM
5.375999927520752,3.7950000762939453,4.857999801635742,0.636,FFFFCC,C2D,CB,HEM
4.28000020980835,4.309000015258789,5.791999816894531,0.636,FFFFCC,CMD,CT,HEM
6.248000144958496,4.506999969482422,3.8269999027252197,0.636,FFFFCC,C3D,CB,HEM
7.084000110626221,3.4670000076293945,3.256999969482422,0.636,FFFFCC,C4D,CC,HEM
8.032999992370605,3.5840001106262207,2.2720000743865967,0.636,FFFFCC,CHA,CD,HEM
6.23799991607666,6.013999938964844,3.492000102996826,0.636,FFFFCC,CAD,CT,HEM
7.423999786376953,6.730999946594238,4.159999847412109,0.636,FFFFCC,CBD,CT,HEM
7.322000026702881,8.234000205993652,3.9769999980926514,0.636,FFFFCC,CGD,C,HEM
7.854000091552734,9.02400016784668,4.78000020980835,0.5537333333333333,FF3300,O1D,O2,HEM
6.690000057220459,8.697999954223633,3.0209999084472656,0.5537333333333333,FF3300,O2D,O2,HEM
